day,daytype,term,p_5,p_ave,p_95,t1,t2,t3,t4,p_lo,p_hi,yday
2019-01-01,Weekday,Holiday,110.59200000000001,115.24038947368426,117.50399999999999,4.999999997720338,6.632045828144775,21.932066152468973,23.999999999999996,110.59200000076028,117.03811475108988,1
2019-01-02,Weekday,Holiday,110.59200000000001,148.42610526315792,172.8,6.496323529051339,7.681034482899158,22.16829550861864,22.038876272234088,113.18399999952598,168.86731034878855,2
2019-01-03,Weekday,Holiday,110.59200000000001,148.62458947368424,179.71200000000002,6.925000000020772,7.326158499335126,20.740426172913978,23.121402878525434,114.04800000264186,169.50415094830657,3
2019-01-04,Weekday,Holiday,110.59200000000001,148.11942105263162,172.8,6.772549020384881,7.545606092099938,22.02396871300822,22.10359586329814,114.45458823839837,167.8882931046306,4
2019-01-05,Weekend,Holiday,110.59200000000001,141.4049684210527,158.976,6.973423818449912,7.230153583841547,22.08498474241618,22.23793997676223,112.82823529411766,157.99679999988754,5
2019-01-06,Weekend,Holiday,110.59200000000001,141.44252631578954,159.6204,7.116301831854321,6.945261122506753,22.18744758049012,21.961359649351067,113.35679999999958,157.82586666666666,6
2019-01-07,Weekday,Holiday,110.59200000000001,153.66467368421053,186.62400000000002,6.423107381436635,8.043495935380978,19.439815770451034,23.999999999991896,113.65046384699906,179.25120000712843,7
2019-01-08,Weekday,Holiday,110.59200000000001,155.48424210526318,193.53599999999997,6.4350934075885196,8.138756694287903,18.374700052362893,23.999999999999996,115.12314157666744,184.09521951168617,8
2019-01-09,Weekday,Holiday,110.59200000000001,155.33810526315793,193.53599999999997,6.2812454242288664,8.692307691523748,17.64690247227617,23.999999999999996,114.79186286802059,187.0079999968359,9
2019-01-10,Weekday,Holiday,110.59200000000001,155.48362105263158,193.53599999999997,6.593122488985634,8.041666666669377,18.63842905538059,23.999999999999996,115.00568673328124,183.6617142817742,10
2019-01-11,Weekday,Holiday,110.59200000000001,152.4933789473684,186.62400000000002,6.464899515149134,8.113247864052406,18.702346821361957,23.999999999999996,114.91800469090857,178.39542857190926,11
2019-01-12,Weekend,Holiday,110.59200000000001,142.6786421052632,165.888,6.985557687986091,7.18522779541019,22.004149026453142,7.364563112528223,114.25244117647058,159.20639999999986,12
2019-01-13,Weekend,Holiday,110.59200000000001,142.31444210526325,158.976,7.000655163323827,7.197560181113301,22.000795046242978,22.273210436657454,113.6414125301728,158.97568563388816,13
2019-01-14,Weekday,Holiday,110.59200000000001,154.76142105263156,188.69759999999997,6.326649002745941,8.370643010058263,18.631903141849012,23.999999999999996,113.85704592674104,183.42087805417168,14
2019-01-15,Weekday,Holiday,110.59200000000001,155.6291368421052,193.53599999999997,5.951707070269269,9.397991069640163,17.366912863908578,23.999999999999996,115.4894922231661,188.78399999207966,15
2019-01-16,Weekday,Spring,110.59200000000001,159.04875789473678,200.44799999999998,5.939676602827703,9.378385371519775,17.04546634190858,23.999999999999996,116.72554458712484,194.87380646452092,16
2019-01-17,Weekday,Spring,110.59200000000001,159.5580631578947,200.44799999999998,6.093116235352083,8.981481477513624,17.225813790974343,23.999999999999996,116.38715981271432,194.79272726055234,17
2019-01-18,Weekday,Spring,110.59200000000001,159.12151578947362,193.53599999999997,5.920821468372715,9.198452645939646,18.18429009877199,23.999999999999996,116.85114241296215,191.04000000537218,18
2019-01-19,Weekend,Spring,110.59200000000001,145.31350526315788,165.888,6.972607459152052,7.122244952132653,22.154509984521038,21.84140715570121,115.92335294117647,162.31621666666666,19
2019-01-20,Weekend,Spring,110.59200000000001,146.31671578947368,165.888,6.963521626201823,7.18441218632668,22.21243089418415,22.210504018454763,116.69082352941176,163.46973333212924,20
2019-01-21,Weekday,Holiday,110.59200000000001,120.55983157894737,131.328,4.9756008045991935,10.61067074156116,20.967162889430803,23.999999999999996,112.94284662234207,125.25892684226542,21
2019-01-22,Weekday,Spring,110.59200000000001,174.2201894736842,228.09599999999998,6.026467048076457,9.749999667279315,17.25729896765303,23.999999999882807,116.01756994363562,224.50778753098237,22
2019-01-23,Weekday,Spring,110.59200000000001,168.23301052631578,221.18400000000003,5.691912346293446,9.861910600631768,17.371865341586215,23.999999999999996,111.71850301975076,215.70746665822824,23
2019-01-24,Weekday,Spring,110.59200000000001,172.72724210526312,228.09599999999998,5.963986659433833,10.028911563847968,16.827062938294052,23.999999999999996,116.27629130309401,224.25599998461314,24
2019-01-25,Weekday,Spring,110.59200000000001,163.99601052631573,207.36,5.9999965570566065,9.188924887395345,18.157015779958876,23.999990704019222,116.4055712509775,200.25586860610048,25
2019-01-26,Weekend,Spring,110.59200000000001,146.36055789473681,172.8,6.693452381381716,7.5497299020125554,21.959113442330434,22.318749996787737,114.91200000365345,164.6281578938489,26
2019-01-27,Weekend,Spring,110.59200000000001,149.09312631578942,172.8,6.633768252788622,7.7638888884519375,21.481382978679818,23.29919404749085,113.10196430026814,169.34400000339758,27
2019-01-28,Weekday,Spring,110.59200000000001,173.0182736842105,228.09599999999998,5.906467356082961,10.001078166107096,17.606687329319193,23.999999999999996,117.32099389109146,220.26239998378088,28
2019-01-29,Weekday,Spring,110.59200000000001,177.23716842105267,235.00799999999998,6.096404626089245,9.935542215235849,17.877791252909503,23.999999999999922,116.80423138978801,227.87684375443197,29
2019-01-30,Weekday,Spring,110.59200000000001,174.9099789473684,228.09599999999998,5.971783942834069,9.987909515487033,18.369779299427776,23.999999999999996,116.71780092269444,221.38729410960931,30
2019-01-31,Weekday,Spring,115.43039999999999,177.0927157894737,235.00799999999998,6.002791067220942,10.171901528780117,17.84644006980076,23.999999999999996,117.92290907412254,227.4270967762682,31
2019-02-01,Weekday,Spring,117.50399999999999,164.21425263157892,214.27200000000002,6.047581403145142,9.245849194486558,18.143266929742385,23.999999999999673,118.59980813326698,199.29599996964947,32
2019-02-02,Weekend,Spring,110.59200000000001,146.45594736842105,172.8,6.169982917650923,8.102175290667697,21.916422690451085,22.56034482733564,112.4987586396651,165.90823636768314,33
2019-02-03,Weekend,Spring,110.59200000000001,149.22644210526317,179.71200000000002,6.341796874197429,8.093749999263242,22.113758433352423,22.142366259615557,114.47999999706687,169.83771428476328,34
2019-02-04,Weekday,Spring,110.59200000000001,174.5461894736842,235.00799999999998,5.869580905923898,10.19886512601697,17.326069355498987,23.99999999999993,112.92882920385404,228.81103448757818,35
2019-02-05,Weekday,Spring,110.59200000000001,182.5161789473685,241.92,5.9770452804449965,10.000002872709631,17.298601257511404,23.999987629509455,118.24606432894439,238.79934898099958,36
2019-02-06,Weekday,Spring,110.59200000000001,178.4023578947369,235.00799999999998,5.9136786907269006,9.994546624093813,18.619174795600077,23.999999999999986,116.07432864360446,226.9110857376506,37
2019-02-07,Weekday,Spring,110.59200000000001,178.76477894736846,241.92,5.98324838328549,10.105149051308494,16.79526555927528,23.999999999999996,119.2070515238791,233.7280000089182,38
2019-02-08,Weekday,Spring,110.59200000000001,171.1265684210526,228.09599999999998,5.934272681784585,10.204318180298898,16.424181443025454,23.999999999999996,119.05337109802716,220.90751998529154,39
2019-02-09,Weekend,Spring,110.59200000000001,150.8220421052631,179.71200000000002,6.471381491138592,8.06006462273345,21.721836419782424,22.5729166670747,115.43039998054779,171.9039999988179,40
2019-02-10,Weekend,Spring,110.59200000000001,152.64606315789473,179.71200000000002,6.314705881203811,8.108932461789188,21.68317230272057,22.630434782926542,114.73919998847778,174.97599999870394,41
2019-02-11,Weekday,Spring,110.59200000000001,176.43874736842105,228.09599999999998,5.860781988527306,9.93254440288893,18.452457176129222,23.999999999999996,116.60314690400153,223.2193235344527,42
2019-02-12,Weekday,Spring,110.59200000000001,182.69005263157902,255.74400000000003,6.111396021132713,10.092896439444088,16.528753306186122,23.999999999999996,116.6209972816201,245.641846155421,43
2019-02-13,Weekday,Spring,110.59200000000001,178.98442105263166,241.92,5.9535755753991,10.37042915958023,17.073888641652065,23.999999999999996,116.93940593734332,236.03200000794763,44
2019-02-14,Weekday,Spring,110.59200000000001,178.05455319148936,241.91999999999996,5.973407663041909,10.000001551853742,17.27346475479997,23.999987959510637,116.7753082984946,232.90032303340823,45
2019-02-15,Weekday,Spring,117.50399999999999,168.69913684210522,214.27200000000002,6.056919356325543,9.49279354823333,17.244924622428737,23.999999999999968,119.28302535281004,210.62441931290755,46
2019-02-16,Weekend,Spring,110.59200000000001,158.04998947368418,186.62400000000002,6.436813186490686,8.042411948960845,21.41465936176884,23.50891861868747,115.37723075599405,181.96462264094572,47
2019-02-17,Weekend,Spring,110.59200000000001,159.26703157894732,188.69759999999997,6.854454685273462,7.518170425795204,21.758971291857204,22.814882697963572,118.39587097364911,182.6223157825607,48
2019-02-18,Weekday,Holiday,110.59200000000001,129.80008421052628,145.15200000000002,5.7373695227410115,10.926199521136297,18.740282888228652,23.999999999999996,117.62956402640283,139.80077419877395,49
2019-02-19,Weekday,Spring,117.50399999999999,178.49094736842108,235.00799999999998,5.8381944261017225,10.18449999780415,18.098208002007574,23.999999999999996,117.86470538293003,228.31199998558438,50
2019-02-20,Weekday,Spring,110.59200000000001,174.9099789473684,228.09599999999998,5.928095473223079,10.116071428583773,18.10146011517572,23.999999999999996,116.06874959215877,223.34399998742882,51
2019-02-21,Weekday,Spring,110.59200000000001,181.36222105263155,235.00799999999998,6.205579502509966,10.114634560726776,17.73656652201954,23.999999999999996,124.66911617080287,230.63040000284792,52
2019-02-22,Weekday,Spring,124.416,181.7146842105264,214.27200000000002,5.54579863003605,11.138585074984169,16.33526086360167,22.74999990541547,154.42420694814746,211.96647251116013,53
2019-02-23,Weekend,Spring,110.59200000000001,152.2822736842105,179.71200000000002,6.560534594295066,8.013153120299153,21.155494510581633,22.91523808835848,114.50880002972217,175.32553846793581,54
2019-02-24,Weekend,Spring,110.59200000000001,153.51915789473682,186.62400000000002,6.2626436785446895,8.407051280533747,21.45667644501272,22.81964737988921,113.92882758015826,177.45230769118606,55
2019-02-25,Weekday,Spring,110.59200000000001,179.4209684210527,241.92,6.034633025943136,10.081820295265313,17.581485959452273,23.999999999999996,116.26582677358643,234.08639998849094,56
2019-02-26,Weekday,Spring,110.59200000000001,181.4744105263159,248.832,6.108509929645171,10.233828670543435,16.553700718221904,23.999999999999996,117.52089078832387,242.98338460987185,57
2019-02-27,Weekday,Spring,117.50399999999999,179.57820000000004,241.92,5.833116712204158,10.624464499336286,17.879378074671,23.999999999999982,118.51340931597845,232.6245517242479,58
2019-02-28,Weekday,Spring,117.50399999999999,176.80140000000003,235.00799999999998,6.130228730881097,9.757675438170686,17.311237554693488,23.999999999999975,118.51672654768329,227.40479999439341,59
2019-03-01,Weekday,Spring,115.43039999999999,168.4347789473684,214.27200000000002,5.9778594171545105,9.481427824671322,17.9983182378638,23.999999999999996,118.11982325935467,208.17388235153234,60
2019-03-02,Weekend,Spring,110.59200000000001,154.59552631578947,186.62400000000002,6.0723267152064295,8.672140713555423,21.38271155000411,23.003387528991098,113.66400003078573,179.27637255393367,61
2019-03-03,Weekend,Spring,110.59200000000001,154.97431578947365,186.62400000000002,5.872137933957977,9.243279989517147,21.73666666659868,22.398193760111276,115.83558621607409,179.85024000451776,62
2019-03-04,Weekday,Spring,110.59200000000001,178.18408421052638,241.92,5.901302594812004,10.398839043327607,17.53287996582642,23.999999999999996,117.03944600996654,232.14786205755257,63
2019-03-05,Weekday,Spring,110.59200000000001,182.632305263158,241.92,6.0996834502886035,10.069148935985774,17.548281007869527,23.999999999999996,117.78706495913633,239.15519998717355,64
2019-03-06,Weekday,Spring,110.59200000000001,178.32960000000006,241.92,6.010200858056879,10.480791203318326,17.04446071844115,23.999999999999996,117.41713467360067,235.26400002968248,65
2019-03-07,Weekday,Spring,110.59200000000001,178.70000000000005,241.92,6.05071838641081,9.980958187982143,17.832592712590007,23.999999999999996,116.09494212755399,231.35562499801873,66
2019-03-08,Weekday,Spring,110.59200000000001,169.08934736842102,221.18400000000003,5.6271917243450815,10.275551349153085,17.350604591134772,23.999999999999996,116.6649175378694,214.51885713983717,67
2019-03-09,Weekend,Spring,110.59200000000001,150.97133684210522,179.71200000000002,7.098883584506279,7.097755274257557,22.05849211505994,22.321152144886483,116.69082330434074,170.7243500001204,68
2019-03-10,Weekend,Spring,110.59200000000001,154.26672527472527,186.62400000000002,6.910130722730661,9.986337089863222,21.670972646330473,22.802910048311205,114.43200003363114,180.15319150074575,69
2019-03-11,Weekday,Spring,110.59200000000001,173.74083157894734,228.09599999999998,5.758011974072575,10.37830249915256,18.640617065292766,23.99999999999971,115.20126108311163,220.1367272895639,70
2019-03-12,Weekday,Spring,117.50399999999999,178.6206315789474,235.00799999999998,6.0960907780843785,9.933531745885945,17.883491721092597,23.999999999999996,117.98955374162257,229.39199999648352,71
2019-03-13,Weekday,Spring,110.59200000000001,176.50664210526318,228.09599999999998,5.893396769975458,10.055347794117328,18.88223286094749,23.999999999997016,115.42210328631877,223.15885714812995,72
2019-03-14,Weekday,Spring,110.59200000000001,176.5294315789474,235.00799999999998,6.147064563503999,9.780463313584468,17.362148907541144,23.999999999999996,117.55160927082377,227.69466665823737,73
2019-03-15,Weekday,Spring,115.43039999999999,168.28901052631576,221.18400000000003,5.982526045592762,9.717320261567211,17.022574499553638,23.99999999999934,118.15841586532356,212.19839999182156,74
2019-03-16,Weekend,Spring,110.59200000000001,152.06399999999996,179.71200000000002,6.007575765983828,8.382867123778661,21.476373626456407,23.218253967293364,113.66400001380866,173.8633846174391,75
2019-03-17,Weekend,Spring,110.59200000000001,154.24673684210524,186.62400000000002,6.380303032298043,8.21033057700265,21.902813852904835,22.519047619022615,116.8127999979737,176.44450908989683,76
2019-03-18,Weekday,Spring,110.59200000000001,173.52633684210522,228.09599999999998,5.903252687395746,10.499999308648619,17.84841895453601,23.998188399992795,115.10781788791982,224.1782945401473,77
2019-03-19,Weekday,Spring,115.43039999999999,177.55513684210533,235.00799999999998,5.923334844214523,10.194282945807695,18.09420853221108,23.999999999999996,116.30663720797864,228.31200000752108,78
2019-03-20,Weekday,Spring,110.59200000000001,174.0282526315789,228.09599999999998,5.954631131503044,9.982075868650064,18.48391810256832,23.999999999999844,115.30919430809296,220.37082352761232,79
2019-03-21,Weekday,Spring,115.43039999999999,173.3820631578947,228.09599999999998,6.046892838131833,9.892073387450004,17.626434878276683,23.999999999999993,118.15710234377822,220.29212901215823,80
2019-03-22,Weekday,Spring,110.59200000000001,167.19764210526313,221.18400000000003,5.935357429454875,10.178516320683247,16.26781277618021,23.999999999999996,117.925188301059,214.82496001970952,81
2019-03-23,Weekend,Spring,110.59200000000001,144.19438947368423,165.888,7.006931567032706,0.290209274978535,21.94065753162338,22.51643788872076,113.83657575816687,161.5941016944952,82
2019-03-24,Weekend,Spring,110.59200000000001,143.4791578947369,165.888,6.980829009167824,7.219086568915243,22.04014645924337,22.31197020520097,113.73381818181845,160.58973333333333,83
2019-03-25,Weekday,Spring,110.59200000000001,155.11983157894736,193.53599999999997,6.277525773382485,8.431875172629066,17.619328742680544,23.999999999999996,116.16109711895267,184.94270269859604,84
2019-03-26,Weekday,Spring,110.59200000000001,153.88294736842104,186.62400000000002,6.507452691832669,8.048218029248625,19.494259595103106,23.999999999999915,114.59042156097325,179.09760001507547,85
2019-03-27,Weekday,Spring,110.59200000000001,156.78287368421047,193.53599999999997,6.275211246734072,8.648809524171897,18.693193748100274,23.99999999999985,116.50789262157252,185.41440000130112,86
2019-03-28,Weekday,Spring,110.59200000000001,153.6646736842105,179.71200000000002,6.3830561424237375,8.020270269431201,20.244278225153515,23.710387180342746,116.44061565580942,176.2560000026689,87
2019-03-29,Weekday,Spring,110.59200000000001,118.9552,124.416,5.249999150860231,9.66863211941875,18.921108020095062,23.9991785275982,113.46786804544948,122.7686012013721,88
2019-03-30,Weekend,Spring,110.59200000000001,145.09325531914897,165.888,6.906072545925817,7.351197320189803,21.85475095476765,22.566950592572493,114.02837499902658,163.2556140344306,89
2019-03-31,Weekend,Spring,110.59200000000001,146.95621052631577,172.8,7.009394464353439,7.217940289146994,22.228319618995304,22.116780719054237,115.47333308992751,165.32087588398252,90
2019-04-01,Weekday,Spring,110.59200000000001,170.585347368421,221.18400000000003,5.88609761388657,10.216295417160282,19.077399192433873,23.999999999999996,112.66948316422332,214.65600000404862,91
2019-04-02,Weekday,Spring,117.50399999999999,178.47511578947373,235.00799999999998,6.021357251834784,10.026315789978833,18.163095434971115,23.999999999999996,118.94545982840218,227.2320000023261,92
2019-04-03,Weekday,Spring,110.59200000000001,176.36513684210527,235.00799999999998,6.06094158203734,10.159574469615269,17.313946405160287,23.99999999999999,118.44320101247101,228.09600000820421,93
2019-04-04,Weekday,Spring,117.50399999999999,177.16547368421053,235.00799999999998,6.092119230365903,10.042196643221772,17.94130384548418,23.999999999999996,118.96542149530046,226.0892903161643,94
2019-04-05,Weekday,Spring,117.50399999999999,169.16210526315786,221.18400000000003,6.106418489693394,9.962779158463253,16.344551719096092,23.999999999999996,120.89994317691516,215.3353846333227,95
2019-04-06,Weekend,Spring,117.50399999999999,154.02981052631574,179.71200000000002,6.730286738853626,7.840323704906966,21.946404950930493,22.517281106014998,119.28774192903474,174.5302857097921,96
2019-04-07,Weekend,Spring,115.43039999999999,156.50223157894732,186.62400000000002,6.259236455072378,8.671016480875215,21.74562937089649,22.76880877747645,117.74234482625441,179.97784615089577,97
2019-04-08,Weekday,Spring,117.50399999999999,173.96412631578943,228.09599999999998,5.816148420963332,10.375959202462658,18.607690926916685,23.99999999999761,117.97095002660345,218.67054544095075,98
2019-04-09,Weekday,Spring,117.50399999999999,178.7661473684211,235.00799999999998,5.938369139595474,9.966839049241306,18.081677196593862,23.999999999999996,118.47292354477337,227.886545460354,99
2019-04-10,Weekday,Spring,117.50399999999999,176.21217894736841,228.09599999999998,6.0632622552123,10.215447154898865,17.624588844974767,23.999999999999996,120.81388382920132,224.64000000470028,100
2019-04-11,Weekday,Spring,117.50399999999999,178.54758947368427,235.00799999999998,5.993201505073642,10.302011388811069,17.089193246397514,23.999999999999996,119.7109641348474,232.44800000110996,101
2019-04-12,Weekday,Spring,117.50399999999999,168.65279999999996,214.27200000000002,6.022102285949009,9.736126413843618,17.707558941600983,23.999999999999996,119.70822045661885,209.3039999828833,102
2019-04-13,Weekend,Spring,117.50399999999999,152.0623368421052,179.71200000000002,6.701612903313294,7.603753427841191,21.90792815641,22.539426523022918,118.84180645907334,171.22080701732813,103
2019-04-14,Weekend,Spring,117.50399999999999,156.13844210526312,186.62400000000002,6.316860463025701,8.446193504593154,21.71132075503293,22.583333332989515,118.65599998557522,178.92950943166937,104
2019-04-15,Weekday,Spring,117.50399999999999,175.99857894736843,228.09599999999998,5.640675096442869,10.214663071819286,18.083155279894825,23.999999999999996,118.15921673374879,222.91199998281604,105
2019-04-16,Weekday,Spring,117.50399999999999,176.12005263157894,235.00799999999998,6.134185660914509,9.997096189784717,17.12728930381106,23.999999999999996,118.91038600437112,227.61931034301108,106
2019-04-17,Weekday,Spring,110.59200000000001,176.00423157894738,228.09599999999998,5.8597640161990405,10.358000988232302,19.66706700070824,23.999999999999932,115.19305209506456,220.43675676750266,107
2019-04-18,Weekday,Spring,117.50399999999999,176.71736842105264,228.09599999999998,5.864961433189972,10.105649717532932,17.52530062490605,23.99999999999947,121.98977598405625,223.71840001161357,108
2019-04-19,Weekday,Spring,115.43039999999999,167.05587368421047,214.27200000000002,5.993626079188416,9.91804663135602,17.352881625026928,23.999999999999996,118.99921245406807,208.74240000448282,109
2019-04-20,Weekend,Spring,110.59200000000001,148.06231578947364,172.8,6.998737373737374,7.291666666666666,22.0108133826434,22.347124262805377,117.29454545454546,165.888,110
2019-04-21,Weekend,Spring,110.59200000000001,150.97208421052628,179.71200000000002,6.679658112064131,7.650219297661937,21.964912280714074,22.35313675497061,117.07037499276966,170.73852631415534,111
2019-04-22,Weekday,Spring,110.59200000000001,172.07242105263154,221.18400000000003,5.872978114732563,10.252121530942812,18.217994257287195,23.999999999999996,117.3641019535166,216.94761290342967,112
2019-04-23,Weekday,Spring,117.50399999999999,177.95675789473688,235.00799999999998,5.946742195702341,10.140917182952466,17.902515294984724,23.999999999999996,118.8179672172894,227.65006451279191,113
2019-04-24,Weekday,Spring,117.50399999999999,176.43789473684214,228.09599999999998,6.052059497245493,10.321875000811357,18.48529327765985,23.999999999999996,119.18059498310332,223.34400000058332,114
2019-04-25,Weekday,Spring,117.50399999999999,176.7531789473684,228.09599999999998,6.048040792742243,9.89613526682553,18.668086544663772,23.999999999999996,117.76000003239326,222.6322285632858,115
2019-04-26,Weekday,Spring,117.50399999999999,167.99842105263156,214.27200000000002,6.133470025906007,9.887407407363526,17.105374353260043,23.999999999999996,123.95823695000533,207.3600000058481,116
2019-04-27,Weekend,Spring,110.59200000000001,153.0813368421052,179.71200000000002,6.614379085292145,8.014279254177259,21.440217740711166,22.762345679149448,117.96480000227002,174.36269811272504,117
2019-04-28,Weekend,Spring,117.50399999999999,154.90155789473678,186.62400000000002,6.745161290399152,7.787500000367832,21.87500000006001,22.569892473036976,118.61883870819314,176.2559999997757,118
2019-04-29,Weekday,Spring,117.50399999999999,174.2710105263158,223.2576,5.891774477701187,10.215707367757041,18.31295072976185,23.99999999999941,119.63315165446133,218.67054544790807,119
2019-04-30,Weekday,Spring,117.50399999999999,179.4811789473685,235.00799999999998,6.023965879553221,9.770237243335723,18.218097150385454,23.999999999999996,120.111640842758,226.8392727237487,120
2019-05-01,Weekday,Spring,117.50399999999999,172.65448421052628,221.18400000000003,6.188065338619218,10.191460056300212,17.585098701949473,23.999999999999993,120.4021417748984,218.88000001211162,121
2019-05-02,Weekday,Spring,117.50399999999999,176.29237894736843,230.16959999999995,6.078076902256508,9.941406249165238,17.883260083946578,23.99999999999965,119.7984796295331,223.5599999948833,122
2019-05-03,Weekday,Spring,117.50399999999999,167.92495789473676,214.27200000000002,5.797110903371736,10.084367244738955,17.783811800352122,23.999999999999996,118.50004637841052,209.14374193100778,123
2019-05-04,Weekend,Spring,110.59200000000001,151.9912421052631,179.71200000000002,6.820000000395561,7.600595237706622,21.56715425644846,23.02039007042631,117.73440000909079,171.68914285781628,124
2019-05-05,Weekend,Spring,117.50399999999999,153.08261052631576,179.71200000000002,7.0120266530088164,7.242956992920801,21.831400551479014,22.83141441892864,119.4480016278864,171.9799321997295,125
2019-05-06,Weekday,Spring,117.50399999999999,169.88968421052627,214.27200000000002,5.9319395270636175,9.881971262950545,17.715215004264504,23.999999999999996,120.1505498912202,211.37341936562794,126
2019-05-07,Weekday,Spring,117.50399999999999,170.3975684210526,214.27200000000002,5.999999133144055,10.05021508488987,17.46308806050693,23.999999840162765,122.67841846494211,211.8878463571646,127
2019-05-08,Weekday,Spring,117.50399999999999,170.2534736842105,221.18400000000003,6.190112053529439,9.46328671295585,17.69853382277764,23.999999999999996,120.63344881646304,211.13018180683216,128
2019-05-09,Weekday,Spring,115.43039999999999,166.8338526315789,207.36,5.933706099730224,9.638134943866906,18.95156571590972,23.999999999999996,117.2904784054482,203.25016216935543,129
2019-05-10,Weekday,Spring,110.59200000000001,164.86938947368418,207.36,5.882632275256787,9.397469457976685,19.983323980074637,23.99999999999861,115.56958363722504,197.15657142064356,130
2019-05-11,Weekend,Spring,110.59200000000001,151.02686315789467,172.8,6.907556718501463,7.548461217517044,21.499995822240056,23.57023727639526,116.74812508766229,169.9077092461603,131
2019-05-12,Weekend,Spring,117.50399999999999,152.13675789473677,172.8,7.0881918863107884,7.26454285332169,22.01380993325313,22.309797091813646,121.56988235294116,169.87118644067797,132
2019-05-13,Weekday,Spring,117.50399999999999,167.4704842105263,207.36,6.000000515133367,9.363605838497762,19.228993297663912,23.99964725890343,119.71757038320887,201.15625128368464,133
2019-05-14,Weekday,Spring,117.50399999999999,167.4145368421052,207.36,6.0754258844482045,9.173568821337543,20.931892246881276,23.312172796356652,117.5047668523752,199.26870212976394,134
2019-05-15,Weekday,Spring,116.3004,167.0093789473684,214.27200000000002,6.027659760296785,9.85832685701193,18.18557975537725,23.999999999999996,118.01144458662377,206.52218180993054,135
2019-05-16,Weekday,Spring,117.50399999999999,166.87314736842103,207.36,6.165252682883308,9.194019694235003,17.7155969945973,23.999999999999996,119.92155906245205,204.53929411184322,136
2019-05-17,Weekday,Spring,117.50399999999999,160.2856421052631,193.53599999999997,6.282967033986784,8.306599648928085,19.492610890977392,23.999999999999996,118.13877554098492,187.40945453972262,137
2019-05-18,Weekend,Summer,110.59200000000001,147.55301052631577,165.888,7.036603610785193,7.281855725838896,22.06634845474379,22.136556370762154,117.50488331720186,165.16447213026663,138
2019-05-19,Weekend,Summer,110.59200000000001,147.35024210526316,167.96159999999998,6.948968418322497,7.248716928663364,22.097549508296677,22.22532492523502,115.985176461523,165.5060166666661,139
2019-05-20,Weekday,Summer,110.59200000000001,158.3211789473684,193.53599999999997,6.339487025412381,8.351812486158767,18.685091427338072,23.999999999999993,115.77734476884204,187.97268293823367,140
2019-05-21,Weekday,Summer,110.59200000000001,158.61743157894733,200.44799999999998,5.896031235301243,9.22393048387967,17.686842279160885,23.999999999999996,115.07170672987316,192.9261176479937,141
2019-05-22,Weekday,Summer,110.59200000000001,154.60997894736838,186.62400000000002,6.360470898656508,8.076427771890692,19.91616277128417,23.935408743565194,114.73712061363254,179.12374468308838,142
2019-05-23,Weekday,Summer,110.59200000000001,155.4108631578947,186.62400000000002,6.42924665506897,8.326873385614183,19.221514795277695,23.999999999999535,114.9889005345697,182.4446511632256,143
2019-05-24,Weekday,Summer,110.59200000000001,152.1433368421052,186.62400000000002,6.581643003120316,7.833795781436089,21.12750387465221,23.169899432853708,115.12055172842089,173.9737358480959,144
2019-05-25,Weekend,Summer,110.59200000000001,142.30936842105268,161.04959999999997,7.1608229926265174,7.184186913297271,22.030244728889123,22.31768615952303,113.84471158548014,158.73756666652022,145
2019-05-26,Weekend,Summer,110.59200000000001,143.26070526315794,165.888,6.982702477725722,7.186424205677725,21.989830508474586,22.328779329755893,113.52554545454545,160.38183050847456,146
2019-05-27,Weekday,Holiday,110.59200000000001,116.26711578947375,124.416,4.249996202227917,8.766418221923855,23.72304570255314,23.99857171331987,111.02274528857643,118.2068098501757,147
2019-05-28,Weekday,Summer,110.59200000000001,158.54014736842103,193.53599999999997,6.097895379091677,8.873974587774937,19.362885683942682,23.999999999999947,112.67024783752986,189.42328572422025,148
2019-05-29,Weekday,Summer,110.59200000000001,157.0605684210526,193.53599999999997,6.071885613077659,8.694444444681919,19.90846633282802,23.999999999999993,112.57949341991487,185.08800000373176,149
2019-05-30,Weekday,Summer,110.59200000000001,162.11718947368416,207.36,6.073747209457807,9.4504707049738,17.180892484180994,23.999999999999996,117.8845529713993,199.77848387961038,150
2019-05-31,Weekday,Summer,110.59200000000001,154.53776842105262,186.62400000000002,6.357026143551142,8.288865546054348,20.716836734531654,23.297222221852643,114.43200000348942,179.2888163277876,151
2019-06-01,Weekend,Summer,110.59200000000001,144.20334736842108,165.888,6.90530303030303,7.336165426943646,21.976334573056356,22.40719696969698,113.94327272727273,161.59320689655172,152
2019-06-02,Weekend,Summer,110.59200000000001,144.64310526315788,165.888,7.041730119189239,7.025577153508646,22.150966012185815,21.846044142230912,114.7402940756072,162.08640915359484,153
2019-06-03,Weekday,Summer,110.59200000000001,157.39382105263155,200.44799999999998,5.818307165724055,9.288155431808315,19.21218095547435,23.999999999999996,112.98111236179523,188.04184615093587,154
2019-06-04,Weekday,Summer,110.59200000000001,158.1756631578947,195.60959999999997,5.93499062229692,9.17660044122261,18.968706999782757,23.999999999999993,114.56960288864629,188.92800000372569,155
2019-06-05,Weekday,Summer,110.59200000000001,158.030147368421,193.53599999999997,6.386000001986699,8.427777778481628,19.604341755950436,23.979579792410853,115.29216008466874,185.85599999752728,156
2019-06-06,Weekday,Summer,110.59200000000001,159.55806315789468,200.44799999999998,6.164207193891599,9.105555554401356,17.36128901467238,23.999999999999996,117.39146897135176,194.16436364395702,157
2019-06-07,Weekday,Summer,110.59200000000001,153.08261052631576,186.62400000000002,6.35489254674088,8.130490956055407,18.915902433478003,23.999999999999996,115.3080888913841,178.42604651860546,158
2019-06-08,Weekend,Summer,110.59200000000001,143.77018947368418,165.888,7.032886487123252,7.255408778874463,21.7236605209734,22.807291666495257,115.12800000368762,160.06835087749005,159
2019-06-09,Weekend,Summer,110.59200000000001,143.91511578947367,165.888,6.917334983983173,7.3232627866128315,21.750001145359434,22.792837453076146,115.27402009459578,160.16582731563003,160
2019-06-10,Weekday,Summer,110.59200000000001,158.46669473684204,193.53599999999997,5.941831772900863,9.122716895814994,19.720326089232284,23.99999999999889,115.9100531432354,186.4594285745534,161
2019-06-11,Weekday,Summer,117.50399999999999,160.794947368421,200.44799999999998,6.027679421749374,9.142969473496125,20.67935492971237,23.55030850777324,117.50445086589589,188.27686955997223,162
2019-06-12,Weekday,Summer,117.50399999999999,160.72218947368418,193.53599999999997,5.953863573225699,9.461668926505876,17.505168300598882,23.999999999999996,121.50197962207726,192.907636364514,163
2019-06-13,Weekday,Summer,110.59200000000001,159.12195789473677,200.44799999999998,5.874516515646389,9.612068967058372,17.169268570068073,23.999999999999996,118.61750866210706,193.5360000012444,164
2019-06-14,Weekday,Summer,110.59200000000001,151.61666315789472,186.62400000000002,6.250223108483634,8.391156409252641,19.232577396464077,23.999999999999996,114.30131937832029,176.31253488366156,165
2019-06-15,Weekend,Summer,110.59200000000001,142.30372631578953,165.888,6.975638349944485,7.224152504837625,21.796570499807416,22.524230749130027,112.9679999990229,159.2399152547755,166
2019-06-16,Weekend,Summer,110.59200000000001,142.0961684210527,165.888,7.03231263476873,3.453077005323386,22.222646878174054,21.655560318700644,113.15926665535804,158.9760000032785,167
2019-06-17,Weekday,Summer,110.59200000000001,156.21119999999993,193.53599999999997,5.936902989031825,8.910231858024488,18.891508754060627,23.99999999999995,114.13035834737188,185.41440000377474,168
2019-06-18,Weekday,Summer,110.59200000000001,158.75772631578943,193.53599999999997,5.884581728625739,9.344103110501072,19.400598682962638,23.99999999999991,114.62629483873164,189.04320001243883,169
2019-06-19,Weekday,Summer,89.85600000000001,144.70659999999995,200.44799999999998,5.324255712861442,9.381944445333934,17.964791097186524,18.191697140782882,104.44634092115066,193.5360000079439,170
2019-06-20,Weekday,Summer,82.944,109.79102105263155,172.8,5.332030484406566,21.00000059824209,23.645734147050185,23.99045014282066,83.76552714888544,142.03671416336724,171
2019-06-21,Weekday,Summer,110.59200000000001,155.77465263157893,186.62400000000002,6.333571524819394,8.405952379729994,19.707681746486802,23.99660725864111,115.01568302759462,181.86240000350398,172
2019-06-22,Weekend,Summer,110.59200000000001,145.94370526315782,165.888,7.01555219386,5.205892938765194,21.889184125569688,22.57424242419152,115.82836363578897,163.17959324498415,173
2019-06-23,Weekend,Summer,110.59200000000001,146.53439999999998,167.96159999999998,7.039829225399131,7.2750520367316005,22.07672961699294,22.21813520634606,116.71405714285714,164.0135593220339,174
2019-06-24,Weekday,Summer,110.59200000000001,160.50391578947364,200.44799999999998,5.715075951762864,9.684072023443946,19.221463330406845,23.999999999999996,115.60974928308693,192.26273684343357,175
2019-06-25,Weekday,Summer,110.59200000000001,161.23149473684205,200.44799999999998,5.954326018339128,9.672164353345034,17.57892481766114,23.99999999999986,117.91224443095967,197.20800000975507,176
2019-06-26,Weekday,Summer,110.59200000000001,161.5225263157894,200.44799999999998,6.0786242580656955,9.393780443881209,17.91108414076797,23.99999999999993,117.51828102167622,196.58541176771834,177
2019-06-27,Weekday,Summer,110.59200000000001,163.559747368421,207.36,5.9732606024630455,9.39388020995866,19.388320677281417,23.999999999999996,116.48509959461659,196.30080000811816,178
2019-06-28,Weekday,Summer,110.59200000000001,154.7766842105263,186.62400000000002,6.312686651055204,8.175330096253198,20.44805485803171,23.586953934277997,114.73330779090375,179.10626530286993,179
2019-06-29,Weekend,Summer,110.59200000000001,145.66176842105264,165.888,7.031667757689778,7.317750835785793,22.05820297047958,22.295831730018215,115.06576465901566,163.54494914871339,180
2019-06-30,Weekend,Summer,110.59200000000001,145.58854736842105,165.888,7.03934227312177,7.16595266647352,21.743534482972233,22.59280302951134,115.82836366564885,162.78951724276948,181
2019-07-01,Weekday,Summer,110.59200000000001,161.01322105263154,200.44799999999998,5.98140873680517,9.551394333585797,18.219188734853653,23.999999999999986,116.45735527273335,195.77223527493337,182
2019-07-02,Weekday,Summer,110.59200000000001,161.7393263157894,200.44799999999998,5.964024690631687,9.594453999904346,17.92880974419736,23.999999999999936,117.10494655134725,197.51563636830758,183
2019-07-03,Weekday,Summer,110.59200000000001,159.05304210526316,200.44799999999998,6.067500277034895,9.169650461987379,17.660698143665908,23.999999999999996,116.85091140865438,192.72282351032163,184
2019-07-04,Weekday,Holiday,110.59200000000001,118.25637894736843,124.416,4.993087958071609,8.392939772393605,23.32001899339839,23.999999999975575,112.94670833169604,120.38399998938574,185
2019-07-05,Weekday,Summer,110.59200000000001,148.4988631578947,172.8,6.6303245439015575,7.776082129855226,21.19972126948685,23.058973354029792,114.64386205944241,168.4963018809779,186
2019-07-06,Weekend,Summer,110.59200000000001,142.96889473684212,165.888,6.976010101010101,7.255743488751863,21.993107813497904,22.328787878787896,113.52436363636365,159.92877586206896,187
2019-07-07,Weekend,Summer,110.59200000000001,143.62408421052635,165.888,7.019570924655713,1.2704653051325667,21.95104409546436,22.517672248482796,113.73384408058591,160.7332885917761,188
2019-07-08,Weekday,Summer,110.59200000000001,163.92353684210522,207.36,5.9999999999926095,9.873308467513995,17.454304808519552,23.99986730697614,116.76274982636774,204.33563415936914,189
2019-07-09,Weekday,Summer,110.59200000000001,164.65111578947364,214.27200000000002,6.05800555497004,9.6968107720793,16.910642011096044,23.999999999999982,117.11208246657874,206.8833103600236,190
2019-07-10,Weekday,Summer,117.50399999999999,163.92353684210522,207.36,6.041554057250803,9.436551978004944,17.94191208915864,23.999999999999915,118.2418514103266,200.2447058775151,191
2019-07-11,Weekday,Summer,110.59200000000001,162.17734736842104,207.36,6.042352664320514,9.885572909743884,17.148232861218276,23.999999999999996,117.2516768585766,201.8780689554246,192
2019-07-12,Weekday,Summer,110.59200000000001,155.7746526315789,186.62400000000002,6.3372968655507735,8.370516500007254,18.736457814910445,23.999999999999687,115.4976373745647,183.75804879822547,193
2019-07-13,Weekend,Summer,110.59200000000001,144.72982105263156,165.888,7.044793684116677,7.261219456826172,22.033015727645832,22.298772807455588,116.12108823529412,161.31905084745762,194
2019-07-14,Weekend,Summer,110.59200000000001,144.71545263157893,165.888,7.030557165776483,3.3760258828359007,22.04521205801696,22.22746039403648,115.13420943386252,161.9711999939301,195
2019-07-15,Weekday,Summer,110.59200000000001,161.59528421052627,202.52159999999998,5.952023646193752,9.808668583839244,17.96913068258381,23.999999999999996,116.43493084877757,198.28800000547744,196
2019-07-16,Weekday,Summer,110.59200000000001,161.52226315789468,207.36,5.830945504390953,9.90257806947381,17.131954630255375,23.999999999999996,112.6921188346513,204.02317239432054,197
2019-07-17,Weekday,Summer,110.59200000000001,163.07649473684208,207.36,5.9999992105318745,9.904469263912503,17.43457030977807,23.999984411946667,116.58345350983564,203.1063045622177,198
2019-07-18,Weekday,Summer,110.59200000000001,163.1959578947368,207.36,6.003343424983781,9.980122322462517,17.40984809490242,23.999999999999996,117.37848463930898,202.98239998697497,199
2019-07-19,Weekday,Summer,110.59200000000001,157.0115368421052,193.53599999999997,6.000000276882043,9.390790904339426,17.15621121706443,23.99999996535286,117.38592005534778,190.41027666047074,200
2019-07-20,Weekend,Summer,110.59200000000001,144.20563157894736,165.888,6.989135289546807,7.1754350930464,21.85357815471478,22.776017424436223,114.82680645538221,160.73328813689162,201
2019-07-21,Weekend,Summer,110.59200000000001,144.60473684210527,165.888,7.213989782344834,7.246398650288831,21.876872342920596,22.556061386903316,114.78108752920696,161.72654194413846,202
2019-07-22,Weekday,Summer,110.59200000000001,162.39562105263155,207.36,5.801813240932945,9.839078403440004,18.224407398155932,23.999999999999996,115.63869266544008,199.19127272035053,203
2019-07-23,Weekday,Summer,110.59200000000001,162.75941052631575,207.36,5.925676786533041,10.238965355341287,17.049772588730313,23.999999999999996,116.6656633633604,204.644571439486,204
2019-07-24,Weekday,Summer,110.59200000000001,160.43115789473686,202.52159999999998,5.857564455814244,9.95212060688699,17.2632238388049,23.999999999999996,115.55664246853642,199.29599997570702,205
2019-07-25,Weekday,Summer,110.59200000000001,158.33427368421047,200.44799999999998,5.909035287390596,10.159313161485557,17.71465734720403,23.999999999999996,113.24263953211272,196.76159998020142,206
2019-07-26,Weekday,Summer,110.59200000000001,152.67278947368422,186.62400000000002,6.111862253153022,8.629818739961152,19.231023048089412,23.999999999999996,110.91996751899191,180.5364285674975,207
2019-07-27,Weekend,Summer,108.51840000000001,141.07755789473688,158.976,7.101118202868115,7.002809636723748,21.673667868060885,22.864769050412622,111.67650032541435,157.7839602731193,208
2019-07-28,Weekend,Summer,103.68,141.15031578947372,158.976,7.031274494357682,7.145112540717312,22.01100724297687,22.34069023627455,111.60900456855829,158.16547740781687,209
2019-07-29,Weekday,Summer,103.68,159.44577894736835,207.36,5.979474561265678,9.628284922074581,17.94306347350012,23.999999999999844,111.31315544486806,198.14400001604747,210
2019-07-30,Weekday,Summer,110.59200000000001,162.03183157894733,207.36,6.04475805351923,9.749999648278116,16.546610248754824,23.999999581546536,114.09276695887874,206.0765107541862,211
2019-07-31,Weekday,Summer,110.59200000000001,161.4497684210526,207.36,6.019861955466873,9.713668741849668,17.45087031358059,23.999999999999996,113.5740713935281,202.0087742185446,212
2019-08-01,Weekday,Summer,110.59200000000001,164.5783578947368,214.27200000000002,6.014764149958708,9.924501424809293,17.312138913589852,23.999999999999996,116.33108077857734,206.66880000314487,213
2019-08-02,Weekday,Summer,110.59200000000001,155.59098947368415,193.53599999999997,6.450207730572378,8.473684211012593,17.962165221990787,23.999999999999996,115.78317919595052,185.71452630451552,214
2019-08-03,Weekend,Summer,110.59200000000001,145.0064842105263,165.888,6.841397850673835,7.533333333198362,21.73437500337324,22.815524186665687,114.60541936589847,162.4320000051861,215
2019-08-04,Weekend,Summer,110.59200000000001,144.4971789473684,165.888,7.01994705985059,6.575892030241841,22.06299532788136,22.298019973496746,114.86117527515641,161.62545136647532,216
2019-08-05,Weekday,Summer,110.59200000000001,163.2038421052631,207.36,5.965127933661605,9.85113128777131,18.2225828899559,23.999999999999996,115.51433882870731,201.30851514522988,217
2019-08-06,Weekday,Summer,110.59200000000001,162.46837894736836,207.36,5.967821783614943,10.142857139625246,17.151392117118576,23.999999999999996,116.83675247924494,203.41028568318157,218
2019-08-07,Weekday,Summer,110.59200000000001,162.54113684210523,207.36,5.942004404705175,9.88176040328995,17.573451297651054,23.999999999999954,115.82879021695129,202.0087742063578,219
2019-08-08,Weekday,Summer,110.59200000000001,161.8135578947368,207.36,6.066579177102633,9.87670250856851,17.642383865505987,23.999999999999996,116.02091338070129,200.67096773074934,220
2019-08-09,Weekday,Summer,110.59200000000001,157.22981052631573,193.53599999999997,6.2970454517708605,8.425000001160889,19.46273719391986,23.999999999999996,114.85589610693565,184.8960000051578,221
2019-08-10,Weekend,Summer,110.59200000000001,145.22475789473683,165.888,7.10989377467078,7.208400896912173,22.040296305649843,22.290349624464216,117.3007411194235,161.39518176389706,222
2019-08-11,Weekend,Summer,110.59200000000001,145.29751578947366,165.888,6.994949494949699,7.267959770114941,21.978448275920098,22.306060605948392,116.66618181821522,161.95531034482727,223
2019-08-12,Weekday,Summer,110.59200000000001,162.61389473684207,207.36,5.9070147753269175,9.918128656437498,18.424126201859238,23.99999999999998,115.76781048896846,199.43152942033524,224
2019-08-13,Weekday,Summer,110.59200000000001,162.47837894736836,207.36,6.110049313789133,9.489751551846078,18.186947720980253,23.999999999999996,116.20787689689675,198.86811427857182,225
2019-08-14,Weekday,Summer,110.59200000000001,162.90492631578942,207.36,6.00000004013556,9.477774245733988,17.64004770475039,23.999644663453694,117.14770035713201,200.23866299949924,226
2019-08-15,Weekday,Summer,115.43039999999999,163.7288631578947,207.36,5.590848925551037,9.705339576745748,18.48544655268104,23.999999999999996,117.21529244266021,198.47314287760042,227
2019-08-16,Weekday,Summer,110.59200000000001,155.48362105263152,186.62400000000002,6.528565610793039,8.044283414151284,19.61629266298281,23.999999999999982,115.95772085071629,180.61356521454084,228
2019-08-17,Weekend,Summer,110.59200000000001,143.91511578947367,165.888,6.918560606060606,7.325211864406779,22.04512484461368,22.30130473489439,115.40945454545455,160.38183050847456,229
2019-08-18,Weekend,Summer,110.59200000000001,142.60547368421058,161.04959999999997,7.03259544427899,5.5132658812864594,22.00550903956713,22.32310360751486,114.04800029299108,159.0912000006423,230
2019-08-19,Weekday,Summer,110.59200000000001,155.52109473684206,192.39149999999995,5.84056952948309,9.255561986126096,19.19119401334977,23.999999999999996,113.17429213961279,184.76574359392544,231
2019-08-20,Weekday,Summer,110.59200000000001,156.57498947368418,186.62400000000002,6.110677083356011,8.409420289483029,19.966535228376802,23.94590294354631,114.62400000249869,182.4166956513603,232
2019-08-21,Weekday,Fall,110.59200000000001,159.12151578947365,193.53599999999997,5.999998339821916,8.816774673584442,19.489082624368073,23.999989941121683,116.80021184194169,186.95935997450115,233
2019-08-22,Weekday,Fall,117.50399999999999,159.70324210526312,195.60959999999997,6.345588236763979,8.382509388197589,20.199465462217614,23.889716836834644,117.50400000000019,185.888680857905,234
2019-08-25,Weekend,Fall,110.59200000000001,146.82543157894733,165.888,7.108072404924919,3.2666714967377017,21.97128059188195,22.530303967182967,117.29446937759361,163.66210208713238,237
2019-08-27,Weekday,Fall,110.59200000000001,159.19427368421046,200.44799999999998,5.935130334376527,9.465277778740655,18.475838593829344,23.999999999999996,114.68678674001755,192.76800000664335,239
2019-09-06,Weekday,Fall,110.59200000000001,168.7568421052631,221.18400000000003,6.125440015177834,9.948398076943425,16.908476764280454,23.999999999999996,118.34721653432136,214.76571427461215,249
2019-09-07,Weekend,Fall,110.59200000000001,150.53461052631576,179.71200000000002,6.487007826888624,8.054312667784613,21.480022197539572,22.632452228475334,116.80813333828324,170.9741886813747,250
2019-09-08,Weekend,Fall,110.59200000000001,150.3905684210526,179.71200000000002,6.6131465507359835,7.857060184706048,21.43246187359538,23.071501015103593,115.59724136693032,170.62399999432805,251
2019-09-09,Weekday,Fall,117.50399999999999,173.60033684210526,223.2576,6.000004310629548,10.241224198704677,17.858317921112626,23.999969593173375,118.76893882125049,220.5135725957636,252
2019-09-10,Weekday,Fall,110.59200000000001,174.47343157894736,228.09599999999998,5.976877964137594,10.189516129055638,17.94430700711257,23.999999999999996,117.46951391014353,222.5218064481994,253
2019-09-11,Weekday,Fall,110.59200000000001,177.0208421052632,235.00799999999998,6.087392178200872,10.360238688612906,17.620415330899622,23.999999999999996,119.1775748233441,228.33724138575667,254
2019-09-12,Weekday,Fall,115.43039999999999,176.65616842105266,228.09599999999998,6.018237499139415,9.924462011098573,18.177393806978117,23.999999999999996,117.86936999241416,224.32581818047737,255
2019-09-13,Weekday,Fall,117.50399999999999,169.88968421052627,221.18400000000003,6.128458556396121,10.101610170008383,16.373076346146384,23.999999999999996,121.44955449584734,216.76032000384356,256
2019-09-14,Weekend,Fall,115.43039999999999,151.42339999999993,179.71200000000002,6.551404852398204,8.095406115378974,21.418534664251215,23.006650246316692,117.02731033799239,171.91258490661855,257
2019-09-15,Weekend,Fall,110.59200000000001,153.72490526315786,179.71200000000002,6.000000049923453,9.150170980091241,21.469990731141415,22.80757470280574,115.95703481159917,177.5764243482649,258
2019-09-16,Weekday,Fall,110.59200000000001,173.30930526315788,228.09599999999998,5.952062103607999,10.234110169754969,18.14850206573615,23.999999999999996,117.16720837469997,219.88799999433536,259
2019-09-17,Weekday,Fall,110.59200000000001,174.32791578947368,228.09599999999998,6.1075720557075215,10.182227367453507,17.63242928776931,23.99999999999994,117.05499215493059,224.40960000430567,260
2019-09-18,Weekday,Fall,110.59200000000001,175.4293157894737,230.16959999999995,6.027982853541549,10.244588608726328,17.593209916452924,23.999999999999996,116.85089764180879,226.74536667128055,261
2019-09-19,Weekday,Fall,110.59200000000001,173.6003368421052,228.09599999999998,5.932959314304505,10.3617812754127,17.84083564645265,23.999999999999996,115.296889514143,223.71840000481194,262
2019-09-20,Weekday,Fall,110.59200000000001,167.70694736842103,221.18400000000003,6.00001117949974,10.141226620684607,16.353433948339994,23.99999984813549,118.17080241487014,215.37212225925146,263
2019-09-21,Weekend,Fall,110.59200000000001,152.05423157894734,186.62400000000002,5.793566096293869,9.689088718033016,19.960256313895265,23.853003361300075,114.19826089334767,177.6663414650528,264
2019-09-22,Weekend,Fall,110.59200000000001,152.20951578947367,179.71200000000002,6.554158606638975,8.132656352459149,21.97334864086065,22.15611948120916,115.82836364279872,174.4337454547579,265
2019-09-23,Weekday,Fall,110.59200000000001,172.36345263157892,228.09599999999998,6.083831159261465,9.946629214413361,17.9689050516598,23.999999999999996,116.75186777048847,218.59199999330946,266
2019-09-24,Weekday,Fall,115.43039999999999,175.99781052631582,235.00799999999998,6.072888401563925,10.178093663021558,17.40190406083359,23.999999999999996,118.73318471810134,226.89268964712605,267
2019-09-25,Weekday,Fall,117.50399999999999,177.67477894736845,228.09599999999998,5.946014994229008,10.13900000056293,18.073739192679856,23.999999999999996,119.38485158677196,225.9360000019873,268
2019-09-26,Weekday,Fall,117.50399999999999,177.01995789473685,228.09599999999998,5.898150311941641,9.96397006041688,18.94110054377696,23.999999999999996,118.96814832139793,220.80000001274712,269
2019-09-27,Weekday,Fall,117.50399999999999,170.39898947368417,221.18400000000003,6.024924277038946,10.133760684249827,16.32347624303136,23.999999999999996,120.68883413747967,218.4192000160916,270
2019-09-28,Weekend,Fall,110.59200000000001,151.70021052631577,179.71200000000002,6.445402299956655,8.024109013405708,21.465122927391548,22.75679205819245,116.55062069523157,172.66958490599472,271
2019-09-29,Weekend,Fall,110.59200000000001,150.06109473684208,179.71200000000002,6.893939393857897,7.556245092806788,21.916252944281602,22.313636363613302,115.61890909401511,170.55319298294964,272
2019-09-30,Weekday,Fall,110.59200000000001,171.80295744680848,228.096,5.9415152408373215,10.163788301111863,17.69297585228715,23.999999999999996,116.62332795083204,219.34080000355056,273
2019-10-01,Weekday,Fall,110.59200000000001,173.38206315789472,228.09599999999998,5.873188405416768,9.877058301933554,18.580882352275232,23.93142582911793,114.49878264659131,219.011657149374,274
2019-10-02,Weekday,Fall,110.59200000000001,174.50093684210526,228.09599999999998,6.093071904376432,10.27640483801447,18.414801232407225,23.999999999999996,114.41969790646142,223.994312474345,275
2019-10-03,Weekday,Fall,110.59200000000001,173.6730947368421,228.09599999999998,5.9247297705624815,10.30563837604341,18.370451543259442,23.999999999999986,115.27643602636216,221.400000011782,276
2019-10-04,Weekday,Fall,110.59200000000001,169.08934736842102,221.18400000000003,5.906677000587855,9.85132252589834,17.95281118440204,23.999999999999996,117.26259727347453,211.2480000032743,277
2019-10-05,Weekend,Fall,110.59200000000001,151.0918404255319,179.71200000000002,6.35454870265094,8.1166143421508,21.45219925378676,22.757433060316654,115.87035715268861,171.54760377714013,278
2019-10-06,Weekend,Fall,110.59200000000001,153.78593684210523,186.62400000000002,5.658148148305258,9.985802460618423,21.149190938330857,23.017669902990374,115.75295998572716,179.09759999870633,279
2019-10-07,Weekday,Fall,110.59200000000001,174.07569473684208,228.09599999999998,6.00078804720129,9.956907477358676,18.686375794955644,23.999999999999996,116.27372222920475,219.01165713957056,280
2019-10-08,Weekday,Fall,110.59200000000001,175.2010105263158,228.09599999999998,6.103527446261549,9.955635490606317,17.351617157992624,23.999999999999996,118.89765308140646,224.63999999378666,281
2019-10-09,Weekday,Fall,110.59200000000001,145.9063789473684,165.888,7.2048736964144515,3.4687947386060083,22.15625117549504,21.745166107728213,115.9241142893803,163.39603354763068,282
2019-10-10,Weekday,Fall,110.59200000000001,142.02341052631587,158.976,6.951223934938919,7.179658506239397,22.00425451023703,21.980937144613836,115.47105882335649,157.36319998717227,283
2019-10-11,Weekday,Fall,108.51840000000001,143.69684210526316,165.888,6.896484375,7.332974137935214,21.883908046118037,22.58229166659945,112.968,161.24027586253112,284
2019-10-12,Weekend,Fall,110.59200000000001,146.3157894736842,172.8,6.453598486189573,8.022709738186833,22.161462877005537,22.1484439631992,114.26400000472476,165.39371429172115,285
2019-10-13,Weekend,Fall,110.59200000000001,150.46332631578946,179.71200000000002,6.454464282997593,8.110714287242669,22.078017491092254,22.16271066194283,114.69599996622559,171.93600000165065,286
2019-10-14,Weekday,Holiday,110.59200000000001,168.95106382978722,221.18400000000003,5.961092759274389,10.052474890576855,18.15306379153184,23.999999999999996,114.66007119974861,214.19329032665044,287
2019-10-15,Weekday,Fall,110.59200000000001,175.41928421052634,235.00799999999998,5.990563898719071,10.020639315007507,17.32236274086798,23.999999999999996,115.61483939546969,227.85765517244812,288
2019-10-16,Weekday,Fall,110.59200000000001,174.80830851063826,228.096,6.103534432868712,9.643917708065967,17.92498161743868,23.999999999999996,116.25359517046829,221.39345454278796,289
2019-10-17,Weekday,Fall,110.59200000000001,175.6691368421053,228.09599999999998,6.047333788645705,9.727316358066895,18.65115739296689,23.999999999999996,115.8262149613464,221.5954166672256,290
2019-10-18,Weekday,Fall,110.59200000000001,171.70863157894735,221.18400000000003,6.113754573363677,9.949704602225342,17.929245522526724,23.999999999999996,116.43292561240261,217.9440000013945,291
2019-10-19,Weekend,Fall,110.59200000000001,151.95379999999997,179.71200000000002,6.35449219054067,8.126896044231234,22.208734138301228,22.13551951345314,116.85600000464053,172.8599107116328,292
2019-10-20,Weekend,Fall,110.59200000000001,152.93709473684208,181.7856,6.3203215793699234,8.38726945013728,21.616434955451588,22.769056261550094,115.12055170414408,175.669132071811,293
2019-10-21,Weekday,Fall,110.59200000000001,172.442744680851,228.096,5.91699038211963,10.418114723992328,17.595934566815373,23.999999999999996,116.22295723740245,222.94692857959032,294
2019-10-22,Weekday,Fall,110.59200000000001,174.69170526315784,235.00799999999998,6.000000102423127,10.167401266241544,18.049680326407007,23.999998794752617,115.21715172565135,224.4230716270886,295
2019-10-23,Weekday,Fall,110.59200000000001,175.44653684210527,228.09599999999998,6.00000051427851,10.12240301063333,18.178679055946855,23.997315242586534,116.76842861117433,223.77598401107252,296
2019-10-24,Weekday,Fall,110.59200000000001,176.14686315789476,235.00799999999998,5.978968073058097,10.42190235209472,18.145601092173873,23.999999999999996,117.0687616260487,226.08929033081,297
2019-10-25,Weekday,Fall,116.18429999999998,169.62510526315785,221.18400000000003,5.994408756909736,9.971807625974463,16.880205412201743,23.999999999999986,118.48503558195155,215.99999999757497,298
2019-10-26,Weekend,Fall,110.59200000000001,142.7961052631579,165.888,6.955865881575085,7.188279541437353,20.75219618981203,21.749999801864902,115.80965997640396,161.03704805888805,299
2019-10-27,Weekend,Fall,110.59200000000001,141.99285263157898,158.976,7.117849825076728,7.224207214551431,22.016466910556577,22.243814026823184,114.45876393976594,158.05439971767606,300
2019-10-28,Weekday,Fall,110.59200000000001,144.05086315789478,165.888,7.0348729881329115,4.44372737065864,22.02073712694957,22.31109470601949,114.65788234763251,161.0341333346664,301
2019-10-29,Weekday,Fall,110.59200000000001,171.4903578947368,223.2576,6.057048510847969,9.659780336032066,18.23026852734893,23.999999999999996,113.08452424199596,217.72799999467097,302
2019-10-30,Weekday,Fall,110.59200000000001,174.61843157894734,228.09599999999998,6.15635973715499,9.980644210881163,17.902487389777555,23.999999999999996,116.85494147727273,223.34400001489325,303
2019-10-31,Weekday,Fall,110.59200000000001,173.74585263157894,228.09599999999998,6.146909520505642,9.603379721233326,17.923588294902704,23.999999999999996,115.5379834794974,221.18399999334488,304
2019-11-01,Weekday,Fall,110.59200000000001,167.63418947368416,221.18400000000003,6.255145833073856,9.434407551306425,17.295643506333555,23.999999999999996,114.62609452717713,212.97599999015375,305
2019-11-02,Weekend,Fall,110.59200000000001,152.44522105263155,179.71200000000002,7.668917846689454,4.897854606572804,21.990113141574025,22.225762154142267,116.75675671154329,175.25431573197434,306
2019-11-03,Weekend,Fall,110.59200000000001,158.8299368421053,186.62400000000002,5.179511162760551,11.429775280940772,21.22802202423593,22.450600944789304,131.85769248172903,179.18030771290054,307
2019-11-04,Weekday,Fall,110.59200000000001,171.07719999999998,223.2576,6.083186587127603,9.942689529493624,17.952449256401746,23.99999999999999,113.45975766700116,219.02399999739373,308
2019-11-05,Weekday,Fall,110.59200000000001,173.95784210526315,235.00799999999998,6.046065250455816,9.94109064025834,17.281172090631447,23.999999999999996,114.15836692703077,226.4633000032088,309
2019-11-06,Weekday,Fall,110.59200000000001,176.29237894736843,228.09599999999998,6.105158141061679,9.72198598577668,19.206694461672814,23.999999999999996,113.96370732438511,222.09347368853236,310
2019-11-07,Weekday,Fall,117.50399999999999,178.1113263157895,235.00799999999998,6.120000001974166,9.688499999077258,18.375728863968217,23.999999999999996,117.50400000000002,225.92365713699422,311
2019-11-08,Weekday,Fall,110.59200000000001,168.3650736842105,221.18400000000003,6.012023330926474,9.694218725666667,18.20117374105386,23.999999999999904,115.08154679828232,210.62194118419401,312
2019-11-09,Weekend,Fall,110.59200000000001,148.6316736842105,172.8,6.390232702876211,8.072935234796201,20.975811121006192,23.33282941268514,114.1740740795951,169.0051764707503,313
2019-11-10,Weekend,Fall,110.59200000000001,150.24505263157894,179.71200000000002,6.643145163168531,7.943638393543957,21.84672619342475,22.540322580672942,114.15948387455414,171.68914286575782,314
2019-11-11,Weekday,Holiday,110.59200000000001,122.3740842105263,131.328,4.270930838313312,12.459459464289205,16.26271238026056,23.999999999999996,114.00755577459337,130.89600004086748,315
2019-11-12,Weekday,Fall,110.59200000000001,174.2551578947368,228.09599999999998,6.092439119828147,9.995288574883002,18.144436654306297,23.99999999999998,114.42588269873642,223.48800000608605,316
2019-11-13,Weekday,Fall,110.59200000000001,175.71031578947367,228.09599999999998,5.999998862113517,10.180072156809835,18.834692704625922,23.986230304150002,114.65489202808908,223.55374072429197,317
2019-11-14,Weekday,Fall,110.59200000000001,177.01995789473688,235.00799999999998,5.919398203764515,10.223357912780187,18.190422662286135,23.999999999999993,117.36410192381345,226.15200000886512,318
2019-11-15,Weekday,Fall,110.59200000000001,168.79948421052632,221.18400000000003,5.916484543979752,9.90168425139435,17.78236100459195,23.99999999999996,114.24334431461371,214.05599999858418,319
2019-11-16,Weekend,Fall,110.59200000000001,150.46332631578943,179.71200000000002,6.441176470710906,8.153050107907283,21.688552190514063,23.011363636209797,114.04799999686068,171.51999999803346,320
2019-11-17,Weekend,Fall,110.59200000000001,152.35503157894735,179.71200000000002,6.573348694469391,8.10582010692945,21.73341049293009,22.627352145689045,115.27432259363468,174.59200000359664,321
2019-11-18,Weekday,Fall,110.59200000000001,171.7641578947368,228.09599999999998,6.001899711276391,10.396823612954524,18.047111358258945,23.999999999999996,114.04339173968974,220.96103224908117,322
2019-11-19,Weekday,Fall,110.59200000000001,173.96412631578943,228.09599999999998,6.108308929491755,9.914369944337373,18.388052021993104,23.999999999999996,114.30897941210515,221.7938823530156,323
2019-11-20,Weekday,Fall,110.59200000000001,172.29069473684206,228.09599999999998,6.087686024695469,9.707438369225335,18.118864872297767,23.999999999999996,113.5399855300423,219.55764705679232,324
2019-11-21,Weekday,Fall,110.59200000000001,175.41928421052634,228.09599999999998,5.800739816809485,10.355892253307333,18.665783787022654,23.999999999999996,113.41098916856504,224.53527272115133,325
2019-11-22,Weekday,Fall,110.59200000000001,167.85246315789473,214.27200000000002,5.918373017266985,9.71215762539911,18.033151989967614,23.999999999999996,114.33815896649693,210.61270589062323,326
2019-11-23,Weekend,Fall,110.59200000000001,146.62533684210527,172.8,6.962877061656142,7.35345563438832,21.843088732423848,22.624245874997495,112.37212500334283,166.36570689784136,327
2019-11-24,Weekend,Fall,110.59200000000001,147.33436842105266,179.71200000000002,6.879928316076675,7.5515797662582855,21.61976119643737,22.80502846186898,112.15277425177214,167.8622321431082,328
2019-11-25,Weekday,Fall,110.59200000000001,167.05212631578945,214.27200000000002,5.942425850272327,10.105882351972792,17.60909793268944,23.999999999999996,112.85846027835048,213.58079999135623,329
2019-11-26,Weekday,Fall,110.59200000000001,167.7797052631579,223.2576,5.8626342560335285,10.173497267124256,16.067265642556993,23.999999999999996,113.69048278651894,220.60799997330508,330
2019-11-27,Weekday,Fall,110.59200000000001,149.88126315789475,179.71200000000002,6.82407407434988,7.5572562358461495,19.954446061423592,23.911302173254654,112.1280000046003,172.9410612305171,331
2019-11-28,Weekday,Holiday,110.59200000000001,114.44816842105269,117.50399999999999,9.373662852108644,3.941257839012189,23.829896718055398,23.958643505778003,112.27313547319112,115.8355888147073,332
2019-11-29,Weekday,Holiday,110.59200000000001,115.39402105263159,124.416,7.126232470246833,1.7050778168712615,23.795659694334578,23.99855175915445,111.57942859908123,116.98817872965219,333
2019-11-30,Weekend,Fall,103.68,142.8967263157895,165.888,6.8295698934541935,7.543457805963087,21.739388844434036,22.85483870954934,111.48387097455154,160.82780357098883,334
2019-12-01,Weekend,Fall,110.59200000000001,145.00648421052634,165.888,6.966666666666656,7.33389830479597,22.041367719180084,22.311240321302943,112.89600000000057,163.66210165490241,335
2019-12-02,Weekday,Fall,110.59200000000001,176.03634736842108,235.00799999999998,5.969206961961558,10.397495095891317,16.89646697452964,23.999999999999996,115.92025574643505,232.34953846848978,336
2019-12-03,Weekday,Fall,110.59200000000001,178.07815789473688,241.92,5.996480725968128,10.294841065922167,17.301456154915055,23.999999999999996,115.06157513209283,234.7611428479984,337
2019-12-04,Weekday,Fall,110.59200000000001,178.76614736842112,241.92,6.107504142413874,10.334401709445912,17.115694798638952,23.999999999999996,116.87526033839572,236.03200000017557,338
2019-12-05,Weekday,Fall,110.59200000000001,178.1113263157895,241.92,6.000003767196758,10.473648405144582,17.05422947058561,23.99953192245447,116.94317363248771,235.2626754350796,339
2019-12-06,Weekday,Fall,110.59200000000001,168.99505263157891,221.18400000000003,5.932539414210519,10.468556096960032,17.207083236473583,23.999999999999996,116.95157302359641,216.6080000110996,340
2019-12-07,Weekend,Fall,110.59200000000001,151.61402105263156,179.71200000000002,6.5518518716042,8.094201769399412,21.468584136129458,23.567019373640036,112.64000078147771,173.55841509360482,341
2019-12-08,Weekend,Fall,110.59200000000001,154.1739789473684,186.62400000000002,6.579166662789382,8.09768518594095,21.604423867993383,23.29166666710401,116.02285712424755,175.99999999418782,342
2019-12-09,Weekday,Fall,110.59200000000001,169.30762105263153,221.18400000000003,5.92923583923913,10.597898941470392,17.273451401710414,23.999999999999996,118.46201035996934,216.06399997687677,343
2019-12-10,Weekday,Fall,110.59200000000001,169.00815789473683,221.18400000000003,6.550091338918886,8.431306030654294,17.719010416780016,23.999999999999986,117.22380996813855,209.2281081024022,344
2019-12-11,Weekday,Fall,110.59200000000001,171.1070526315789,228.09599999999998,5.935227938084512,10.713935762698709,16.876159582266908,23.999999999999996,117.90914381652577,222.21575996648284,345
2019-12-12,Weekday,Fall,110.59200000000001,171.50490526315787,223.2576,5.916620035457477,10.463119852413413,18.187680216728005,23.99999999999991,118.50401499347,216.0557419214435,346
2019-12-13,Weekday,Fall,115.43039999999999,167.85196842105262,214.27200000000002,6.00000034942509,10.122054011814091,17.818617746236853,23.999997725557687,119.31048949971209,209.14009913270922,347
2019-12-14,Weekend,Fall,110.59200000000001,146.36630526315784,165.888,6.990909090909087,7.335330228931262,22.000123910310375,22.365833864217585,116.24727272727267,163.86005084745761,348
2019-12-15,Weekend,Fall,110.59200000000001,148.20783157894732,172.8,6.272988507172398,8.065453383372674,21.546615580468814,23.339080460462736,115.19999999501721,166.52799999937122,349
2019-12-16,Weekday,Fall,110.59200000000001,167.12488421052626,214.27200000000002,6.039298877144221,9.821978023923496,16.409831275771342,23.999999999999996,119.83711851225742,211.34769234872311,350
2019-12-17,Weekday,Fall,117.50399999999999,168.00299999999996,214.27200000000002,6.066617021503023,9.23848529184357,17.89198555219751,23.999999999999996,117.71527068976827,207.5574857213085,351
2019-12-18,Weekday,Fall,110.59200000000001,164.71107368421048,214.27200000000002,6.084860011829781,9.224718084480635,17.326587420524515,23.999999999999996,115.33244836104502,205.48212120495432,352
2019-12-19,Weekday,Fall,110.59200000000001,160.28564210526315,200.44799999999998,5.9357138347399445,9.220269820753737,18.73094828716765,23.999999999999996,114.51783152675947,193.35410525789587,353
2019-12-20,Weekday,Holiday,110.59200000000001,153.7148105263158,186.62400000000002,6.624269005788143,7.854444976956563,20.407904577706372,23.51297647896629,113.6639999964333,178.28661999243252,354
2019-12-21,Weekend,Holiday,103.68,141.95065263157898,165.888,6.849999999703614,7.564035087733329,21.79995126722334,22.791666666630324,110.59200000473835,159.94610526425254,355
2019-12-22,Weekend,Holiday,108.51840000000001,140.8592842105264,161.04959999999997,6.95606060606061,7.291525423728814,22.041099397776588,22.331250228913657,111.42981818181839,157.8044745762712,356
2019-12-23,Weekday,Holiday,103.68,122.23326315789477,158.976,6.7367867136728,7.38426568913048,9.99999943581013,16.233172314480832,110.83059160982252,155.58456216825715,357
2019-12-24,Weekday,Holiday,76.032,102.44251578947373,117.50399999999999,6.809690039656955,5.631406498841344,23.751464142341764,23.99996543179194,82.19199736282005,110.48316178189133,358
2019-12-25,Weekday,Holiday,76.032,101.933652631579,113.24759999999998,6.892974654575884,6.584554038482103,23.76374324362284,23.99703446062975,82.4320782435274,109.676955882353,359
2019-12-26,Weekday,Holiday,76.032,103.6072421052632,117.50399999999999,6.82681184648632,6.083166162052338,23.734106754830222,23.999779022611996,81.40800060968186,112.44895522513768,360
2019-12-27,Weekday,Holiday,76.032,104.06871578947374,117.50399999999999,6.768718851017125,5.236551107044708,23.731443708844772,23.998871284123094,82.43297928798626,112.69064901328399,361
2019-12-28,Weekend,Holiday,76.032,102.8845473684211,117.50399999999999,6.897505468482829,2.0301402851941304,23.750851056290994,23.999717661061776,82.1741041985547,111.1078234533545,362
2019-12-29,Weekend,Holiday,76.032,102.87966315789477,117.50399999999999,6.3288679820299345,6.503370509808669,23.745085665478218,23.99951714477382,79.62624000005395,111.20188235295245,363
2019-12-30,Weekday,Holiday,76.032,104.62585263157901,117.50399999999999,6.628643271273365,6.673974756857971,23.72323623281715,23.99936625363704,80.28553848692822,113.84470588237778,364
2019-12-31,Weekday,Holiday,76.032,104.22262105263162,117.50399999999999,6.532241444716016,6.765455860646191,23.732353265748525,23.998625905995887,82.1098076923077,112.61358208955224,365
